date,timestamp,expiry,K,price,conId,localSymbol,T,dte,moneyness,rate,implied_vol,vega,spot,curve_date,rate_curve_model,nss_fit_target,nss_beta0,nss_beta1,nss_beta2,nss_beta3,nss_tau1,nss_tau2,nss_rmse_bps,_row_id,market_iv,model_price,model_iv,iv_residual,price_residual
2026-09-02,2026-09-02 20:00:00+00:00,2026-11-20,325.0,81.47,838421482,GLD   261120C00325000,0.216290212183436,79,0.8068920999056558,0.0383681078448086,0.2905135066016577,17.11111956585086,402.78,2026-09-02,NSS,continuous_rate,-0.001196933340446,0.0385726822440593,0.0396507874566124,0.1573136916636166,2.1532279899754223,16.810163806603725,2.060781659511834,0,0.2905135066016577,81.21419908626204,0.2743356813659892,0.01617782523566852,0.2558009137379571
2026-09-02,2026-09-02 20:00:00+00:00,2026-11-20,335.0,71.8,838421587,GLD   261120C00335000,0.216290212183436,79,0.8317195491335221,0.0383681078448086,0.2703128813662566,20.95873614268959,402.78,2026-09-02,NSS,continuous_rate,-0.001196933340446,0.0385726822440593,0.0396507874566124,0.1573136916636166,2.1532279899754223,16.810163806603725,2.060781659511834,2,0.2703128813662566,71.7647545400485,0.2686187696367503,0.0016941117295062869,0.03524545995149708
2026-09-02,2026-09-02 20:00:00+00:00,2026-11-20,360.0,49.28,838421860,GLD   261120C00360000,0.216290212183436,79,0.893788172203188,0.0383681078448086,0.2526102088936605,41.475371454651885,402.78,2026-09-02,NSS,continuous_rate,-0.001196933340446,0.0385726822440593,0.0396507874566124,0.1573136916636166,2.1532279899754223,16.810163806603725,2.060781659511834,7,0.2526102088936605,49.42554557155166,0.2560944032245316,-0.0034841943308711043,-0.14554557155165782
2026-09-02,2026-09-02 20:00:00+00:00,2026-11-20,385.0,29.95,838422120,GLD   261120C00385000,0.216290212183436,79,0.9558567952728536,0.0383681078448086,0.240741736569535,64.8229597284498,402.78,2026-09-02,NSS,continuous_rate,-0.001196933340446,0.0385726822440593,0.0396507874566124,0.1573136916636166,2.1532279899754223,16.810163806603725,2.060781659511834,12,0.240741736569535,30.392337964176832,0.24754448351105673,-0.006802746941521748,-0.4423379641768328
2026-09-02,2026-09-02 20:00:00+00:00,2026-11-20,415.0,14.25,838422419,GLD   261120C00415000,0.216290212183436,79,1.0303391429564528,0.0383681078448086,0.2425125272096134,74.05208412842042,402.78,2026-09-02,NSS,continuous_rate,-0.001196933340446,0.0385726822440593,0.0396507874566124,0.1573136916636166,2.1532279899754223,16.810163806603725,2.060781659511834,18,0.2425125272096134,14.432622501367176,0.24497824754277248,-0.0024657203331590882,-0.18262250136717562
2026-09-02,2026-09-02 20:00:00+00:00,2026-11-20,445.0,6.23,838422733,GLD   261120C00445000,0.216290212183436,79,1.1048214906400518,0.0383681078448086,0.2534140126748011,57.81323303892352,402.78,2026-09-02,NSS,continuous_rate,-0.001196933340446,0.0385726822440593,0.0396507874566124,0.1573136916636166,2.1532279899754223,16.810163806603725,2.060781659511834,24,0.2534140126748011,6.050176914060984,0.2502919884798117,0.0031220241949894145,0.17982308593901664
2026-09-02,2026-09-02 20:00:00+00:00,2026-11-20,465.0,3.6,838422937,GLD   261120C00465000,0.216290212183436,79,1.1544763890957843,0.0383681078448086,0.2637808086042292,43.4256220196352,402.78,2026-09-02,NSS,continuous_rate,-0.001196933340446,0.0385726822440593,0.0396507874566124,0.1573136916636166,2.1532279899754223,16.810163806603725,2.060781659511834,28,0.2637808086042292,3.2843213101466042,0.256383386839647,0.0073974217645821905,0.31567868985339587
2026-09-02,2026-09-02 20:00:00+00:00,2026-11-20,480.0,2.46,838423086,GLD   261120C00480000,0.216290212183436,79,1.1917175629375838,0.0383681078448086,0.2735181129124946,34.21399641915241,402.78,2026-09-02,NSS,continuous_rate,-0.001196933340446,0.0385726822440593,0.0396507874566124,0.1573136916636166,2.1532279899754223,16.810163806603725,2.060781659511834,31,0.2735181129124946,2.0664651701518,0.2615573483671063,0.011960764545388303,0.39353482984819976
2026-09-02,2026-09-02 20:00:00+00:00,2026-12-31,325.0,83.65,843069639,GLD   261231C00325000,0.3285420944558521,120,0.8068920999056558,0.0388287411113203,0.2701540474778973,27.90184344534296,402.78,2026-09-02,NSS,continuous_rate,-0.001196933340446,0.0385726822440593,0.0396507874566124,0.1573136916636166,2.1532279899754223,16.810163806603725,2.060781659511834,64,0.2701540474778973,83.60019108487391,0.26835601619733507,0.0017980312805622178,0.049808915126092757
2026-09-02,2026-09-02 20:00:00+00:00,2026-12-31,386.0,33.98,843071143,GLD   261231C00386000,0.3285420944558521,120,0.9583395401956404,0.0388287411113203,0.2392664207330905,82.39921811042386,402.78,2026-09-02,NSS,continuous_rate,-0.001196933340446,0.0385726822440593,0.0396507874566124,0.1573136916636166,2.1532279899754223,16.810163806603725,2.060781659511834,97,0.2392664207330905,34.54721252197003,0.2461349922376685,-0.0068685715045779805,-0.5672125219700348
2026-09-02,2026-09-02 20:00:00+00:00,2026-12-31,417.0,18.2,843072617,GLD   261231C00417000,0.3285420944558521,120,1.035304632802026,0.0388287411113203,0.2405657853146084,91.72934547349386,402.78,2026-09-02,NSS,continuous_rate,-0.001196933340446,0.0385726822440593,0.0396507874566124,0.1573136916636166,2.1532279899754223,16.810163806603725,2.060781659511834,128,0.2405657853146084,18.520205156994518,0.24405603312114255,-0.003490247806534147,-0.32020515699451835
2026-09-02,2026-09-02 20:00:00+00:00,2026-12-31,445.0,9.88,843073788,GLD   261231C00445000,0.3285420944558521,120,1.1048214906400518,0.0388287411113203,0.2479329490139148,79.58052986967473,402.78,2026-09-02,NSS,continuous_rate,-0.001196933340446,0.0385726822440593,0.0396507874566124,0.1573136916636166,2.1532279899754223,16.810163806603725,2.060781659511834,151,0.2479329490139148,9.846398306627817,0.2475105747343041,0.00042237427961069884,0.03360169337218366
2026-09-02,2026-09-02 20:00:00+00:00,2026-12-31,465.0,6.33,843073971,GLD   261231C00465000,0.3285420944558521,120,1.1544763890957843,0.0388287411113203,0.2546327309909276,65.59908430988756,402.78,2026-09-02,NSS,continuous_rate,-0.001196933340446,0.0385726822440593,0.0396507874566124,0.1573136916636166,2.1532279899754223,16.810163806603725,2.060781659511834,155,0.2546327309909276,6.16101689102045,0.25204615534441543,0.002586575646512157,0.1689831089795497
2026-09-02,2026-09-02 20:00:00+00:00,2026-12-31,480.0,4.63,843074117,GLD   261231C00480000,0.3285420944558521,120,1.1917175629375838,0.0388287411113203,0.2616907204055227,55.344972281035794,402.78,2026-09-02,NSS,continuous_rate,-0.001196933340446,0.0385726822440593,0.0396507874566124,0.1573136916636166,2.1532279899754223,16.810163806603725,2.060781659511834,158,0.2616907204055227,4.324861677614722,0.2561066964366474,0.005584023968875307,0.30513832238527794
2026-09-02,2026-09-02 20:00:00+00:00,2027-01-15,336.0,74.78,811874983,GLD   270115C00336000,0.3696098562628336,135,0.8342022940563087,0.0389886768780037,0.264917958664056,42.20621896870535,402.78,2026-09-02,NSS,continuous_rate,-0.001196933340446,0.0385726822440593,0.0396507874566124,0.1573136916636166,2.1532279899754223,16.810163806603725,2.060781659511834,172,0.264917958664056,74.64199320982814,0.2616177248020657,0.0033002338619902982,0.13800679017185757
2026-09-02,2026-09-02 20:00:00+00:00,2027-01-15,358.0,55.85,811876009,GLD   270115C00358000,0.3696098562628336,135,0.8888226823576146,0.0389886768780037,0.248125384348724,62.07914251052134,402.78,2026-09-02,NSS,continuous_rate,-0.001196933340446,0.0385726822440593,0.0396507874566124,0.1573136916636166,2.1532279899754223,16.810163806603725,2.060781659511834,194,0.248125384348724,56.15994272065049,0.2530808805960231,-0.004955496247299074,-0.3099427206504899
2026-09-02,2026-09-02 20:00:00+00:00,2027-03-31,325.0,88.7,870310661,GLD   270331C00325000,0.5749486652977412,210,0.8068920999056558,0.0397243596819706,0.2535928928806447,50.261089846314576,402.78,2026-09-02,NSS,continuous_rate,-0.001196933340446,0.0385726822440593,0.0396507874566124,0.1573136916636166,2.1532279899754223,16.810163806603725,2.060781659511834,285,0.2535928928806447,89.06850715839708,0.2607729343341665,-0.0071800414535218016,-0.3685071583970796
2026-09-02,2026-09-02 20:00:00+00:00,2027-03-31,335.0,80.6,870310701,GLD   270331C00335000,0.5749486652977412,210,0.8317195491335221,0.0397243596819706,0.2577532697561198,62.36267767114805,402.78,2026-09-02,NSS,continuous_rate,-0.001196933340446,0.0385726822440593,0.0396507874566124,0.1573136916636166,2.1532279899754223,16.810163806603725,2.060781659511834,287,0.2577532697561198,80.57904851820837,0.25741705971779294,0.00033621003832684515,0.020951481791627202
2026-09-02,2026-09-02 20:00:00+00:00,2027-03-31,360.0,60.43,870310797,GLD   270331C00360000,0.5749486652977412,210,0.893788172203188,0.0397243596819706,0.2450809983073734,87.04915124808723,402.78,2026-09-02,NSS,continuous_rate,-0.001196933340446,0.0385726822440593,0.0396507874566124,0.1573136916636166,2.1532279899754223,16.810163806603725,2.060781659511834,292,0.2450809983073734,60.91154302434242,0.2505813446165064,-0.005500346309132986,-0.4815430243424217
2026-09-02,2026-09-02 20:00:00+00:00,2027-03-31,386.0,42.53,870311057,GLD   270331C00386000,0.5749486652977412,210,0.9583395401956404,0.0397243596819706,0.2373116789371707,109.94037332165608,402.78,2026-09-02,NSS,continuous_rate,-0.001196933340446,0.0385726822440593,0.0396507874566124,0.1573136916636166,2.1532279899754223,16.810163806603725,2.060781659511834,302,0.2373116789371707,43.496702938671106,0.24608529785899447,-0.008773618921823767,-0.966702938671105
2026-09-02,2026-09-02 20:00:00+00:00,2027-03-31,417.0,26.8,870311798,GLD   270331C00417000,0.5749486652977412,210,1.035304632802026,0.0397243596819706,0.2380638651969842,121.80394413738554,402.78,2026-09-02,NSS,continuous_rate,-0.001196933340446,0.0385726822440593,0.0396507874566124,0.1573136916636166,2.1532279899754223,16.810163806603725,2.060781659511834,333,0.2380638651969842,27.564174161900592,0.24433800401752814,-0.006274138820543951,-0.7641741619005913
2026-09-02,2026-09-02 20:00:00+00:00,2027-03-31,445.0,17.25,870312471,GLD   270331C00445000,0.5749486652977412,210,1.1048214906400518,0.0397243596819706,0.2426785507644527,115.55046010660156,402.78,2026-09-02,NSS,continuous_rate,-0.001196933340446,0.0385726822440593,0.0396507874566124,0.1573136916636166,2.1532279899754223,16.810163806603725,2.060781659511834,361,0.2426785507644527,17.605792530548754,0.24575446144444868,-0.003075910679995991,-0.35579253054875437
2026-09-02,2026-09-02 20:00:00+00:00,2027-03-31,465.0,12.55,870312917,GLD   270331C00465000,0.5749486652977412,210,1.1544763890957843,0.0397243596819706,0.2472564498259686,104.70239593745224,402.78,2026-09-02,NSS,continuous_rate,-0.001196933340446,0.0385726822440593,0.0396507874566124,0.1573136916636166,2.1532279899754223,16.810163806603725,2.060781659511834,381,0.2472564498259686,12.638623003648947,0.24810228801080958,-0.0008458381848409913,-0.08862300364894615
2026-09-02,2026-09-02 20:00:00+00:00,2027-03-31,480.0,9.82,870313005,GLD   270331C00480000,0.5749486652977412,210,1.1917175629375838,0.0397243596819706,0.250248757350538,94.75581163196782,402.78,2026-09-02,NSS,continuous_rate,-0.001196933340446,0.0385726822440593,0.0396507874566124,0.1573136916636166,2.1532279899754223,16.810163806603725,2.060781659511834,384,0.250248757350538,9.833984437776692,0.2503963131480851,-0.00014755579754710535,-0.013984437776692005
2026-09-02,2026-09-02 20:00:00+00:00,2027-06-30,325.0,95.25,897587853,GLD   270630C00325000,0.8240930869267625,301,0.8068920999056558,0.0404880378482557,0.2664665960603393,75.6547776442747,402.78,2026-09-02,NSS,continuous_rate,-0.001196933340446,0.0385726822440593,0.0396507874566124,0.1573136916636166,2.1532279899754223,16.810163806603725,2.060781659511834,417,0.2664665960603393,94.57000110220736,0.2573116826760583,0.009154913384280983,0.6799988977926432
2026-09-02,2026-09-02 20:00:00+00:00,2027-06-30,336.0,86.2,897588197,GLD   270630C00336000,0.8240930869267625,301,0.8342022940563087,0.0404880378482557,0.2600102383092978,86.05171319515,402.78,2026-09-02,NSS,continuous_rate,-0.001196933340446,0.0385726822440593,0.0396507874566124,0.1573136916636166,2.1532279899754223,16.810163806603725,2.060781659511834,422,0.2600102383092978,85.74735926891132,0.2547054565162399,0.005304781793057933,0.4526407310886782
2026-09-02,2026-09-02 20:00:00+00:00,2027-06-30,358.0,69.85,897588992,GLD   270630C00358000,0.8240930869267625,301,0.8888226823576146,0.0404880378482557,0.255114117345214,108.55011420013103,402.78,2026-09-02,NSS,continuous_rate,-0.001196933340446,0.0385726822440593,0.0396507874566124,0.1573136916636166,2.1532279899754223,16.810163806603725,2.060781659511834,444,0.255114117345214,69.34779313556254,0.2504698675339111,0.004644249811302903,0.5022068644374542
2026-09-02,2026-09-02 20:00:00+00:00,2027-06-30,386.0,50.8,897590285,GLD   270630C00386000,0.8240930869267625,301,0.9583395401956404,0.0404880378482557,0.2430428768689744,131.56099935630178,402.78,2026-09-02,NSS,continuous_rate,-0.001196933340446,0.0385726822440593,0.0396507874566124,0.1573136916636166,2.1532279899754223,16.810163806603725,2.060781659511834,472,0.2430428768689744,51.319258559406684,0.2469864461853169,-0.003943569316342488,-0.519258559406687
2026-09-02,2026-09-02 20:00:00+00:00,2027-06-30,415.0,35.28,897591742,GLD   270630C00415000,0.8240930869267625,301,1.0303391429564528,0.0404880378482557,0.2379089800373651,144.751277589124,402.78,2026-09-02,NSS,continuous_rate,-0.001196933340446,0.0385726822440593,0.0396507874566124,0.1573136916636166,2.1532279899754223,16.810163806603725,2.060781659511834,495,0.2379089800373651,36.384176694636025,0.2455384920588694,-0.007629512021504303,-1.104176694636024
2026-09-02,2026-09-02 20:00:00+00:00,2027-06-30,445.0,24.35,897592083,GLD   270630C00445000,0.8240930869267625,301,1.1048214906400518,0.0404880378482557,0.2425635533529334,143.231378279135,402.78,2026-09-02,NSS,continuous_rate,-0.001196933340446,0.0385726822440593,0.0396507874566124,0.1573136916636166,2.1532279899754223,16.810163806603725,2.060781659511834,501,0.2425635533529334,24.85061984998325,0.24605679064514113,-0.0034932372922077404,-0.5006198499832486
2026-09-02,2026-09-02 20:00:00+00:00,2027-06-30,465.0,19.83,897592243,GLD   270630C00465000,0.8240930869267625,301,1.1544763890957843,0.0404880378482557,0.2526792837074958,136.41569165066934,402.78,2026-09-02,NSS,continuous_rate,-0.001196933340446,0.0385726822440593,0.0396507874566124,0.1573136916636166,2.1532279899754223,16.810163806603725,2.060781659511834,505,0.2526792837074958,19.101218388137923,0.24732428600555284,0.005354997701942976,0.7287816118620754
2026-09-02,2026-09-02 20:00:00+00:00,2027-06-30,480.0,15.5,897592325,GLD   270630C00480000,0.8240930869267625,301,1.1917175629375838,0.0404880378482557,0.2475452658063732,127.44549361752992,402.78,2026-09-02,NSS,continuous_rate,-0.001196933340446,0.0385726822440593,0.0396507874566124,0.1573136916636166,2.1532279899754223,16.810163806603725,2.060781659511834,508,0.2475452658063732,15.641848535992676,0.24865731722479684,-0.0011120514184236319,-0.14184853599267555
2026-09-02,2026-09-02 20:00:00+00:00,2027-09-17,325.0,99.38,887869727,GLD   270917C00325000,1.0403832991101984,380,0.8068920999056558,0.0410519165397473,0.2574844255888835,88.42690353181216,402.78,2026-09-02,NSS,continuous_rate,-0.001196933340446,0.0385726822440593,0.0396507874566124,0.1573136916636166,2.1532279899754223,16.810163806603725,2.060781659511834,509,0.2574844255888835,99.23446846099593,0.25583362880600624,0.001650796782877273,0.14553153900406812
2026-09-02,2026-09-02 20:00:00+00:00,2027-09-17,335.0,91.45,887869857,GLD   270917C00335000,1.0403832991101984,380,0.8317195491335221,0.0410519165397473,0.2533910700020381,98.6736701941788,402.78,2026-09-02,NSS,continuous_rate,-0.001196933340446,0.0385726822440593,0.0396507874566124,0.1573136916636166,2.1532279899754223,16.810163806603725,2.060781659511834,511,0.2533910700020381,91.50925992540402,0.25399109982280066,-0.0006000298207625709,-0.05925992540402092
2026-09-02,2026-09-02 20:00:00+00:00,2027-09-17,360.0,73.15,887870134,GLD   270917C00360000,1.0403832991101984,380,0.893788172203188,0.0410519165397473,0.2464621406885795,124.434169576296,402.78,2026-09-02,NSS,continuous_rate,-0.001196933340446,0.0385726822440593,0.0396507874566124,0.1573136916636166,2.1532279899754223,16.810163806603725,2.060781659511834,516,0.2464621406885795,73.62994788204993,0.25030840736841786,-0.003846266679838367,-0.47994788204992744
2026-09-02,2026-09-02 20:00:00+00:00,2027-09-17,385.0,57.08,887870377,GLD   270917C00385000,1.0403832991101984,380,0.9558567952728536,0.0410519165397473,0.2411828859367408,146.05460417206135,402.78,2026-09-02,NSS,continuous_rate,-0.001196933340446,0.0385726822440593,0.0396507874566124,0.1573136916636166,2.1532279899754223,16.810163806603725,2.060781659511834,521,0.2411828859367408,58.06325811804947,0.2479048050086014,-0.006721919071860594,-0.9832581180494699
2026-09-02,2026-09-02 20:00:00+00:00,2027-09-17,415.0,41.5,887870681,GLD   270917C00415000,1.0403832991101984,380,1.0303391429564528,0.0410519165397473,0.2393399006146006,161.41954901385213,402.78,2026-09-02,NSS,continuous_rate,-0.001196933340446,0.0385726822440593,0.0396507874566124,0.1573136916636166,2.1532279899754223,16.810163806603725,2.060781659511834,527,0.2393399006146006,42.66799385720347,0.24657701703058554,-0.007237116415984957,-1.16799385720347
2026-09-02,2026-09-02 20:00:00+00:00,2027-09-17,445.0,30.38,887871012,GLD   270917C00445000,1.0403832991101984,380,1.1048214906400518,0.0410519165397473,0.2443948135583661,163.01587288570832,402.78,2026-09-02,NSS,continuous_rate,-0.001196933340446,0.0385726822440593,0.0396507874566124,0.1573136916636166,2.1532279899754223,16.810163806603725,2.060781659511834,533,0.2443948135583661,30.75865728959403,0.24671724346606058,-0.00232242990769449,-0.378657289594031
2026-09-02,2026-09-02 20:00:00+00:00,2027-09-17,465.0,23.85,887871225,GLD   270917C00465000,1.0403832991101984,380,1.1544763890957843,0.0410519165397473,0.243019743278902,157.4529748798216,402.78,2026-09-02,NSS,continuous_rate,-0.001196933340446,0.0385726822440593,0.0396507874566124,0.1573136916636166,2.1532279899754223,16.810163806603725,2.060781659511834,537,0.243019743278902,24.55362165109207,0.24748247729418799,-0.004462734015285991,-0.7036216510920674
2026-09-02,2026-09-02 20:00:00+00:00,2027-09-17,480.0,20.35,887871375,GLD   270917C00480000,1.0403832991101984,380,1.1917175629375838,0.0410519165397473,0.2461035514163784,151.11103458989388,402.78,2026-09-02,NSS,continuous_rate,-0.001196933340446,0.0385726822440593,0.0396507874566124,0.1573136916636166,2.1532279899754223,16.810163806603725,2.060781659511834,540,0.2461035514163784,20.689186583614333,0.24834549803687261,-0.0022419466204942062,-0.33918658361433174
2026-09-02,2026-09-02 20:00:00+00:00,2028-01-21,325.0,107.0,814295299,GLD   280121C00325000,1.3853524982888432,506,0.8068920999056558,0.0417919866668568,0.2601912651707418,109.80555038093028,402.78,2026-09-02,NSS,continuous_rate,-0.001196933340446,0.0385726822440593,0.0396507874566124,0.1573136916636166,2.1532279899754223,16.810163806603725,2.060781659511834,541,0.2601912651707418,106.40694533703684,0.25474581922935324,0.005445445941388571,0.593054662963155
2026-09-02,2026-09-02 20:00:00+00:00,2028-01-21,335.0,99.2,814295409,GLD   280121C00335000,1.3853524982888432,506,0.8317195491335221,0.0417919866668568,0.2544914056167938,119.50462113121824,402.78,2026-09-02,NSS,continuous_rate,-0.001196933340446,0.0385726822440593,0.0396507874566124,0.1573136916636166,2.1532279899754223,16.810163806603725,2.060781659511834,543,0.2544914056167938,99.07442796268118,0.25343925566831604,0.001052149948477743,0.12557203731881827
2026-09-02,2026-09-02 20:00:00+00:00,2028-01-21,360.0,81.8,814295687,GLD   280121C00360000,1.3853524982888432,506,0.893788172203188,0.0417919866668568,0.2490600689302198,145.19570252580314,402.78,2026-09-02,NSS,continuous_rate,-0.001196933340446,0.0385726822440593,0.0396507874566124,0.1573136916636166,2.1532279899754223,16.810163806603725,2.060781659511834,548,0.2490600689302198,82.05602161079595,0.250821397522185,-0.0017613285919652055,-0.25602161079595476
2026-09-02,2026-09-02 20:00:00+00:00,2028-01-21,385.0,66.65,814295994,GLD   280121C00385000,1.3853524982888432,506,0.9558567952728536,0.0417919866668568,0.2465785816212184,166.89238166984717,402.78,2026-09-02,NSS,continuous_rate,-0.001196933340446,0.0385726822440593,0.0396507874566124,0.1573136916636166,2.1532279899754223,16.810163806603725,2.060781659511834,553,0.2465785816212184,67.06552796726852,0.24906707233591002,-0.0024884907146916213,-0.4155279672685168
2026-09-02,2026-09-02 20:00:00+00:00,2028-01-21,415.0,51.08,816976281,GLD   280121C00415000,1.3853524982888432,506,1.0303391429564528,0.0417919866668568,0.2437241350200959,183.7124967558209,402.78,2026-09-02,NSS,continuous_rate,-0.001196933340446,0.0385726822440593,0.0396507874566124,0.1573136916636166,2.1532279899754223,16.810163806603725,2.060781659511834,559,0.2437241350200959,51.86106805575925,0.2479761335779913,-0.004251998557895403,-0.7810680557592491
2026-09-02,2026-09-02 20:00:00+00:00,2028-01-21,445.0,39.05,816976610,GLD   280121C00445000,1.3853524982888432,506,1.1048214906400518,0.0417919866668568,0.244953623866383,189.1289351098824,402.78,2026-09-02,NSS,continuous_rate,-0.001196933340446,0.0385726822440593,0.0396507874566124,0.1573136916636166,2.1532279899754223,16.810163806603725,2.060781659511834,565,0.244953623866383,39.59420326711869,0.2478310457359068,-0.002877421869523805,-0.5442032671186894
2026-09-02,2026-09-02 20:00:00+00:00,2028-01-21,465.0,32.6,816976825,GLD   280121C00465000,1.3853524982888432,506,1.1544763890957843,0.0417919866668568,0.2465317184065469,187.0010826756574,402.78,2026-09-02,NSS,continuous_rate,-0.001196933340446,0.0385726822440593,0.0396507874566124,0.1573136916636166,2.1532279899754223,16.810163806603725,2.060781659511834,569,0.2465317184065469,32.907059621876144,0.24817338375421247,-0.0016416653476655774,-0.30705962187614233
2026-09-02,2026-09-02 20:00:00+00:00,2028-01-21,480.0,28.78,816976991,GLD   280121C00480000,1.3853524982888432,506,1.1917175629375838,0.0417919866668568,0.2496512606765143,183.17415824351457,402.78,2026-09-02,NSS,continuous_rate,-0.001196933340446,0.0385726822440593,0.0396507874566124,0.1573136916636166,2.1532279899754223,16.810163806603725,2.060781659511834,572,0.2496512606765143,28.592028664624902,0.248624777464848,0.0010264832116662903,0.18797133537509936
2026-09-02,2026-09-02 20:00:00+00:00,2028-06-16,325.0,115.23,852304105,GLD   280616C00325000,1.787816563997262,653,0.8068920999056558,0.0424566013570986,0.2611612368588337,129.47753290467142,402.78,2026-09-02,NSS,continuous_rate,-0.001196933340446,0.0385726822440593,0.0396507874566124,0.1573136916636166,2.1532279899754223,16.810163806603725,2.060781659511834,573,0.2611612368588337,114.34926802305476,0.25429804829107594,0.00686318856775775,0.880731976945242
2026-09-02,2026-09-02 20:00:00+00:00,2028-06-16,330.0,111.88,851891539,GLD   280616C00330000,1.787816563997262,653,0.8193058245195889,0.0424566013570986,0.2616592609581538,135.32467410039771,402.78,2026-09-02,NSS,continuous_rate,-0.001196933340446,0.0385726822440593,0.0396507874566124,0.1573136916636166,2.1532279899754223,16.810163806603725,2.060781659511834,574,0.2616592609581538,110.82765025139346,0.2538117213693447,0.007847539588809072,1.052349748606531
2026-09-02,2026-09-02 20:00:00+00:00,2028-06-16,335.0,108.23,852304174,GLD   280616C00335000,1.787816563997262,653,0.8317195491335221,0.0424566013570986,0.2595122142099776,140.2937134070119,402.78,2026-09-02,NSS,continuous_rate,-0.001196933340446,0.0385726822440593,0.0396507874566124,0.1573136916636166,2.1532279899754223,16.810163806603725,2.060781659511834,575,0.2595122142099776,107.37141641859691,0.25335257920986043,0.006159635000117181,0.8585835814030958
2026-09-02,2026-09-02 20:00:00+00:00,2028-06-16,340.0,104.95,851891588,GLD   280616C00340000,1.787816563997262,653,0.8441332737474553,0.0424566013570986,0.2596000547983684,145.8247093540209,402.78,2026-09-02,NSS,continuous_rate,-0.001196933340446,0.0385726822440593,0.0396507874566124,0.1573136916636166,2.1532279899754223,16.810163806603725,2.060781659511834,576,0.2596000547983684,103.98191493104903,0.25292002577809625,0.006680029020272149,0.9680850689509697
2026-09-02,2026-09-02 20:00:00+00:00,2028-06-16,355.0,94.75,852304325,GLD   280616C00355000,1.787816563997262,653,0.8813744475892548,0.0424566013570986,0.2550507933332585,160.5472543532439,402.78,2026-09-02,NSS,continuous_rate,-0.001196933340446,0.0385726822440593,0.0396507874566124,0.1573136916636166,2.1532279899754223,16.810163806603725,2.060781659511834,579,0.2550507933332585,94.2253351260604,0.2517759468168952,0.0032748465163632834,0.5246648739395994
2026-09-02,2026-09-02 20:00:00+00:00,2028-06-16,360.0,91.53,851891668,GLD   280616C00360000,1.787816563997262,653,0.893788172203188,0.0424566013570986,0.2539660104944371,165.3185746873132,402.78,2026-09-02,NSS,continuous_rate,-0.001196933340446,0.0385726822440593,0.0396507874566124,0.1573136916636166,2.1532279899754223,16.810163806603725,2.060781659511834,580,0.2539660104944371,91.11361424366461,0.2514438065768221,0.00252220391761504,0.4163857563353872
2026-09-02,2026-09-02 20:00:00+00:00,2028-06-16,385.0,76.6,852304531,GLD   280616C00385000,1.787816563997262,653,0.9558567952728536,0.0424566013570986,0.2499359323543497,186.76650417645013,402.78,2026-09-02,NSS,continuous_rate,-0.001196933340446,0.0385726822440593,0.0396507874566124,0.1573136916636166,2.1532279899754223,16.810163806603725,2.060781659511834,585,0.2499359323543497,76.63548427798521,0.25012591835977516,-0.00018998600542546873,-0.03548427798521914
2026-09-02,2026-09-02 20:00:00+00:00,2028-06-16,390.0,73.97,851891780,GLD   280616C00390000,1.787816563997262,653,0.9682705198867868,0.0424566013570986,0.2499915218870155,190.48407797998047,402.78,2026-09-02,NSS,continuous_rate,-0.001196933340446,0.0385726822440593,0.0396507874566124,0.1573136916636166,2.1532279899754223,16.810163806603725,2.060781659511834,586,0.2499915218870155,73.95768508423923,0.24992687076693398,6.465112008152696e-05,0.012314915760768486
2026-09-02,2026-09-02 20:00:00+00:00,2028-06-16,415.0,61.48,852304743,GLD   280616C00415000,1.787816563997262,653,1.0303391429564528,0.0424566013570986,0.2483971760929562,205.1116309763973,402.78,2026-09-02,NSS,continuous_rate,-0.001196933340446,0.0385726822440593,0.0396507874566124,0.1573136916636166,2.1532279899754223,16.810163806603725,2.060781659511834,591,0.2483971760929562,61.64940680123991,0.24922311231242494,-0.0008259362194687481,-0.1694068012399157
2026-09-02,2026-09-02 20:00:00+00:00,2028-06-16,420.0,59.08,851891902,GLD   280616C00420000,1.787816563997262,653,1.042752867570386,0.0424566013570986,0.2475914771082811,207.25363966104783,402.78,2026-09-02,NSS,continuous_rate,-0.001196933340446,0.0385726822440593,0.0396507874566124,0.1573136916636166,2.1532279899754223,16.810163806603725,2.060781659511834,592,0.2475914771082811,59.40025559489642,0.24913679906250913,-0.0015453219542280183,-0.3202555948964232
2026-09-02,2026-09-02 20:00:00+00:00,2028-06-16,445.0,48.98,852304959,GLD   280616C00445000,1.787816563997262,653,1.1048214906400518,0.0424566013570986,0.2480524539365433,213.9020985570984,402.78,2026-09-02,NSS,continuous_rate,-0.001196933340446,0.0385726822440593,0.0396507874566124,0.1573136916636166,2.1532279899754223,16.810163806603725,2.060781659511834,597,0.2480524539365433,49.17155991289381,0.2489480330652557,-0.0008955791287124093,-0.19155991289381546
2026-09-02,2026-09-02 20:00:00+00:00,2028-06-16,450.0,46.75,851892032,GLD   280616C00450000,1.787816563997262,653,1.1172352152539848,0.0424566013570986,0.246289691136498,214.48446669020228,402.78,2026-09-02,NSS,continuous_rate,-0.001196933340446,0.0385726822440593,0.0396507874566124,0.1573136916636166,2.1532279899754223,16.810163806603725,2.060781659511834,598,0.246289691136498,47.321674167283355,0.2489552599838935,-0.002665568847395494,-0.571674167283355
2026-09-02,2026-09-02 20:00:00+00:00,2028-06-16,465.0,42.1,852305139,GLD   280616C00465000,1.787816563997262,653,1.1544763890957843,0.0424566013570986,0.2488649607530795,214.70339518282657,402.78,2026-09-02,NSS,continuous_rate,-0.001196933340446,0.0385726822440593,0.0396507874566124,0.1573136916636166,2.1532279899754223,16.810163806603725,2.060781659511834,601,0.2488649607530795,42.14145094054228,0.2490580200615339,-0.00019305930845439634,-0.04145094054227627
2026-09-02,2026-09-02 20:00:00+00:00,2028-06-16,470.0,40.65,851892108,GLD   280616C00470000,1.787816563997262,653,1.1668901137097176,0.0424566013570986,0.2496620265501551,214.35500798895703,402.78,2026-09-02,NSS,continuous_rate,-0.001196933340446,0.0385726822440593,0.0396507874566124,0.1573136916636166,2.1532279899754223,16.810163806603725,2.060781659511834,602,0.2496620265501551,40.53333300733021,0.2491177352706902,0.000544291279464898,0.11666699266979208
2026-09-02,2026-09-02 20:00:00+00:00,2028-06-16,475.0,39.08,852305199,GLD   280616C00475000,1.787816563997262,653,1.1793038383236507,0.0424566013570986,0.2496469953044318,213.785049830403,402.78,2026-09-02,NSS,continuous_rate,-0.001196933340446,0.0385726822440593,0.0396507874566124,0.1573136916636166,2.1532279899754223,16.810163806603725,2.060781659511834,603,0.2496469953044318,38.98218339105032,0.24918943636165936,0.00045755894277244025,0.09781660894967814
2026-09-02,2026-09-02 20:00:00+00:00,2028-06-16,480.0,37.7,851892142,GLD   280616C00480000,1.787816563997262,653,1.1917175629375838,0.0424566013570986,0.2502746382872574,213.04452971428023,402.78,2026-09-02,NSS,continuous_rate,-0.001196933340446,0.0385726822440593,0.0396507874566124,0.1573136916636166,2.1532279899754223,16.810163806603725,2.060781659511834,604,0.2502746382872574,37.48655959992214,0.2492726576824673,0.0010019806047900648,0.21344040007786447
